CD,Transfer
MN01,2 FARRAGUT STREET
MN02,201 RYAWA AVENUE
MN03,PIER 99
MN04,ELVERTON AVENUE
MN05,ARTHUR KILL ROAD
MN06,West 59th Street & Westside Highway
MN07,2 FARRAGUT STREET
MN08,201 RYAWA AVENUE
MN09,325 Casanova Street
MN10,287 Halleck Street
MN11,201 RYAWA AVENUE
MN12,WEST 135 STREET
BX01,2 FARRAGUT STREET
BX02,201 RYAWA AVENUE
BX03,325 Casanova Street
BX04,287 Halleck Street
BX05,1199 Randall Ave. 
BX06,98 Lincoln Avenue
BX07,2 FARRAGUT STREET
BX08,201 RYAWA AVENUE
BX09,325 Casanova Street
BX10,287 Halleck Street
BX11,1199 Randall Ave. 
BX12,98 Lincoln Avenue
BKN01,105-115 THAMES Street
BKN02,130 Varick Avenue
BKN03,475 Scott Avenue
BKN04,215 Varick Avenue
BKN05,941 Stanley Ave
BKN06,488 HAMILTON AVENUE
BKN07,75 20 STREET
BKN08,550 HAMILTON AVENUE
BKN09,19 STREET
BKN10,105-115 THAMES Street
BKN11,130 Varick Avenue
BKN12,475 Scott Avenue
BKN13,215 Varick Avenue
BKN14,941 Stanley Ave
BKN15,488 HAMILTON AVENUE
BKN16,75 20 STREET
BKN17,550 HAMILTON AVENUE
BKN18,19 STREET
QE01,38-22 Review Avenue
QE02,38-22 Review Avenue
QE03,38-22 Review Avenue
QE04,172-33 Douglas Avenue
QE05,94-29 165th Street
QE06,172-06 Douglas Avenue
QE07,5402 ALMEDA AVENUE
QE08,215 Varick Avenue
QE09,941 Stanley Ave
QE10,172-33 Douglas Avenue
QE11,172-33 Douglas Avenue
QE12,94-29 165th Street
QE13,172-06 Douglas Avenue
QE14,5402 ALMEDA AVENUE
S01,ARTHUR KILL ROAD
S02,ELVERTON AVENUE
S03,ARTHUR KILL ROAD